arxiv_id,arxiv_version,title,authors,submitted_date,updated_date,primary_category,categories,relevance,relevance_confidence,decoder_family,decoder_name,missing_fields,paper_dir
2510.14060,v2,Decoding Correlated Errors in Quantum LDPC Codes,Arshpreet Singh Maan; Francisco-Garcia Herrero; Alexandru Paler; Valentin Savin,2025-10-15,2026-03-06,quant-ph,quant-ph,relevant,0.55,,,decoder.name; decoder.algorithm_outline; decoder.complexity_claims; performance_claims.thresholds; performance_claims.runtime_scaling_claims; simulations; links.code_repo_urls,/home/runner/work/decoders-review/decoders-review/data/papers/2510.14060
2603.05486,v1,Improved Decoding of Quantum Tanner Codes Using Generalized Check Nodes,Olai Å. Mostad; Eirik Rosnes; Hsuan-Yin Lin,2026-03-05,2026-03-05,quant-ph,quant-ph; cs.IT,maybe,0.35,,,decoder.name; decoder.algorithm_outline; decoder.complexity_claims; performance_claims.thresholds; performance_claims.runtime_scaling_claims; simulations; links.code_repo_urls,/home/runner/work/decoders-review/decoders-review/data/papers/2603.05486
2603.05320,v1,Simplified circuit-level decoding using Knill error correction,Ewan Murphy; Subhayan Sahu; Michael Vasmer,2026-03-05,2026-03-05,quant-ph,quant-ph,maybe,0.35,,,decoder.name; decoder.algorithm_outline; decoder.complexity_claims; performance_claims.thresholds; performance_claims.runtime_scaling_claims; simulations; links.code_repo_urls,/home/runner/work/decoders-review/decoders-review/data/papers/2603.05320
2603.04991,v1,On LLR Mismatch in Belief Propagation Decoding of Overcomplete QLDPC Codes,Hernan Cordova; Alexios Balatsoukas-Stimming; Gabriele Liga; Yunus Can Gültekin; Alex Alvarado,2026-03-05,2026-03-05,cs.IT,cs.IT,maybe,0.35,,,decoder.name; decoder.algorithm_outline; decoder.complexity_claims; performance_claims.thresholds; performance_claims.runtime_scaling_claims; simulations; links.code_repo_urls,/home/runner/work/decoders-review/decoders-review/data/papers/2603.04991
2603.04543,v1,Linear-Time Encodable and Decodable Quantum Error-Correcting Codes,Adam Wills; Ting-Chun Lin; Rachel Yun Zhang; Min-Hsiu Hsieh,2026-03-04,2026-03-04,quant-ph,quant-ph,relevant,0.55,,,decoder.name; decoder.algorithm_outline; decoder.complexity_claims; performance_claims.thresholds; performance_claims.runtime_scaling_claims; simulations; links.code_repo_urls,/home/runner/work/decoders-review/decoders-review/data/papers/2603.04543
2510.06495,v2,Qudit low-density parity-check codes,Daniel J. Spencer; Andrew Tanggara; Tobias Haug; Derek Khu; Kishor Bharti,2025-10-07,2026-03-03,quant-ph,quant-ph,maybe,0.35,,,decoder.name; decoder.algorithm_outline; decoder.complexity_claims; performance_claims.thresholds; performance_claims.runtime_scaling_claims; simulations; links.code_repo_urls,/home/runner/work/decoders-review/decoders-review/data/papers/2510.06495
2602.22770,v1,A matching decoder for bivariate bicycle codes,Kaavya Sahay; Dominic J. Williamson; Benjamin J. Brown,2026-02-26,2026-02-26,quant-ph,quant-ph,maybe,0.35,,,decoder.name; decoder.algorithm_outline; decoder.complexity_claims; performance_claims.thresholds; performance_claims.runtime_scaling_claims; simulations; links.code_repo_urls,/home/runner/work/decoders-review/decoders-review/data/papers/2602.22770
2602.16948,v1,Fault-tolerant interfaces for quantum LDPC codes,Matthias Christandl; Omar Fawzi; Ashutosh Goswami,2026-02-18,2026-02-18,quant-ph,quant-ph,maybe,0.35,,,decoder.name; decoder.algorithm_outline; decoder.complexity_claims; performance_claims.thresholds; performance_claims.runtime_scaling_claims; simulations; links.code_repo_urls,/home/runner/work/decoders-review/decoders-review/data/papers/2602.16948
2510.07179,v2,Diffusion Codes: Self-Correction from Small(er)-Set Expansion with Tunable Non-locality,Adithya Sriram; Vedika Khemani; Benedikt Placke,2025-10-08,2026-02-18,quant-ph,quant-ph; cond-mat.dis-nn; cond-mat.stat-mech; cs.IT; math.CO,relevant,0.55,,,decoder.name; decoder.algorithm_outline; decoder.complexity_claims; performance_claims.thresholds; performance_claims.runtime_scaling_claims; simulations; links.code_repo_urls,/home/runner/work/decoders-review/decoders-review/data/papers/2510.07179
2602.13420,v1,Sequential BP-based Decoding of QLDPC Codes,Mohsen Moradi; Salman Habib; Vahid Nourozi; David G. M. Mitchell,2026-02-13,2026-02-13,cs.IT,cs.IT,maybe,0.35,,,decoder.name; decoder.algorithm_outline; decoder.complexity_claims; performance_claims.thresholds; performance_claims.runtime_scaling_claims; simulations; links.code_repo_urls,/home/runner/work/decoders-review/decoders-review/data/papers/2602.13420
2507.00254,v3,Fully Parallelized BP Decoding for Quantum LDPC Codes Can Outperform BP-OSD,Ming Wang; Ang Li; Frank Mueller,2025-06-30,2026-02-10,quant-ph,quant-ph; cs.IT,relevant,0.55,,,decoder.name; decoder.algorithm_outline; decoder.complexity_claims; performance_claims.thresholds; performance_claims.runtime_scaling_claims; simulations; links.code_repo_urls,/home/runner/work/decoders-review/decoders-review/data/papers/2507.00254
2602.07578,v1,BiBiEQ: Bivariate Bicycle Codes on Erasure Qubits,Ameya S. Bhave; Navnil Choudhury; Andrew Nemec; Kanad Basu,2026-02-07,2026-02-07,quant-ph,quant-ph,maybe,0.35,,,decoder.name; decoder.algorithm_outline; decoder.complexity_claims; performance_claims.thresholds; performance_claims.runtime_scaling_claims; simulations; links.code_repo_urls,/home/runner/work/decoders-review/decoders-review/data/papers/2602.07578
2508.08191,v2,Single-Shot Decoding and Fault-tolerant Gates with Trivariate Tricycle Codes,Abraham Jacob; Campbell McLauchlan; Dan E. Browne,2025-08-11,2026-01-29,quant-ph,quant-ph,maybe,0.35,,,decoder.name; decoder.algorithm_outline; decoder.complexity_claims; performance_claims.thresholds; performance_claims.runtime_scaling_claims; simulations; links.code_repo_urls,/home/runner/work/decoders-review/decoders-review/data/papers/2508.08191
2601.18562,v1,Bayesian Optimization for Quantum Error-Correcting Code Discovery,Yihua Chengyu; Richard Meister; Conor Carty; Sheng-Ku Lin; Roberto Bondesan,2026-01-26,2026-01-26,quant-ph,quant-ph,relevant,0.55,,,decoder.name; decoder.algorithm_outline; decoder.complexity_claims; performance_claims.thresholds; performance_claims.runtime_scaling_claims; simulations; links.code_repo_urls,/home/runner/work/decoders-review/decoders-review/data/papers/2601.18562
2601.08387,v2,An Efficient Algorithm to Sample Quantum Low-Density Parity-Check Codes,Paolo Santini,2026-01-13,2026-01-26,cs.IT,cs.IT,maybe,0.35,,,decoder.name; decoder.algorithm_outline; decoder.complexity_claims; performance_claims.thresholds; performance_claims.runtime_scaling_claims; simulations; links.code_repo_urls,/home/runner/work/decoders-review/decoders-review/data/papers/2601.08387
2511.21660,v2,FPGA-tailored algorithms for real-time decoding of quantum LDPC codes,Satvik Maurya; Thilo Maurer; Markus Bühler; Drew Vandeth; Michael E. Beverland,2025-11-26,2026-01-26,quant-ph,quant-ph,maybe,0.35,,,decoder.name; decoder.algorithm_outline; decoder.complexity_claims; performance_claims.thresholds; performance_claims.runtime_scaling_claims; simulations; links.code_repo_urls,/home/runner/work/decoders-review/decoders-review/data/papers/2511.21660
2510.05795,v4,Efficient Post-Selection for General Quantum LDPC Codes,Seok-Hyung Lee; Lucas H. English; Stephen D. Bartlett,2025-10-07,2026-01-25,quant-ph,quant-ph,maybe,0.35,,,decoder.name; decoder.algorithm_outline; decoder.complexity_claims; performance_claims.thresholds; performance_claims.runtime_scaling_claims; simulations; links.code_repo_urls,/home/runner/work/decoders-review/decoders-review/data/papers/2510.05795
2601.14236,v1,Stabilizer-Assisted Inactivation Decoding of Quantum Error-Correcting Codes with Erasures,Giulio Pech; Mert Gökduman; Hanwen Yao; Henry D. Pfister,2026-01-20,2026-01-20,cs.IT,cs.IT,maybe,0.35,,,decoder.name; decoder.algorithm_outline; decoder.complexity_claims; performance_claims.thresholds; performance_claims.runtime_scaling_claims; simulations; links.code_repo_urls,/home/runner/work/decoders-review/decoders-review/data/papers/2601.14236
2601.08824,v3,Breaking the Orthogonality Barrier in Quantum LDPC Codes,Kenta Kasai,2026-01-13,2026-01-20,quant-ph,quant-ph; cs.IT,relevant,0.55,,,decoder.name; decoder.algorithm_outline; decoder.complexity_claims; performance_claims.thresholds; performance_claims.runtime_scaling_claims; simulations; links.code_repo_urls,/home/runner/work/decoders-review/decoders-review/data/papers/2601.08824
2601.10713,v1,Quantum Maxwell Erasure Decoder for qLDPC codes,Bruno Costa Alves Freire; François-Marie Le Régent; Anthony Leverrier,2026-01-15,2026-01-15,quant-ph,quant-ph; cs.IT,maybe,0.35,,,decoder.name; decoder.algorithm_outline; decoder.complexity_claims; performance_claims.thresholds; performance_claims.runtime_scaling_claims; simulations; links.code_repo_urls,/home/runner/work/decoders-review/decoders-review/data/papers/2601.10713
2601.09911,v1,Time-Dynamic Circuits for Fault-Tolerant Shift Automorphisms in Quantum LDPC Codes,Younghun Kim; Spiro Gicev; Martin Sevior; Muhammad Usman,2026-01-14,2026-01-14,quant-ph,quant-ph,maybe,0.35,,,decoder.name; decoder.algorithm_outline; decoder.complexity_claims; performance_claims.thresholds; performance_claims.runtime_scaling_claims; simulations; links.code_repo_urls,/home/runner/work/decoders-review/decoders-review/data/papers/2601.09911
2601.08636,v1,Quantum CSS LDPC Codes based on Dyadic Matrices for Belief Propagation-based Decoding,Alessio Baldelli; Massimo Battaglioni; Jonathan Mandelbaum; Sisi Miao; Laurent Schmalen,2026-01-13,2026-01-13,cs.IT,cs.IT; quant-ph,relevant,0.55,,,decoder.name; decoder.algorithm_outline; decoder.complexity_claims; performance_claims.thresholds; performance_claims.runtime_scaling_claims; simulations; links.code_repo_urls,/home/runner/work/decoders-review/decoders-review/data/papers/2601.08636
2410.01197,v2,Informed Dynamic Scheduling for QLDPC Codes,Tzu-Hsuan Huang; Yeong-Luh Ueng,2024-10-02,2026-01-11,quant-ph,quant-ph,maybe,0.35,,,decoder.name; decoder.algorithm_outline; decoder.complexity_claims; performance_claims.thresholds; performance_claims.runtime_scaling_claims; simulations; links.code_repo_urls,/home/runner/work/decoders-review/decoders-review/data/papers/2410.01197
2601.01137,v1,Single-Shot and Few-Shot Decoding via Stabilizer Redundancy in Bivariate Bicycle Codes,Mohammad Rowshan,2026-01-03,2026-01-03,cs.IT,cs.IT; quant-ph,relevant,0.55,,,decoder.name; decoder.algorithm_outline; decoder.complexity_claims; performance_claims.thresholds; performance_claims.runtime_scaling_claims; simulations; links.code_repo_urls,/home/runner/work/decoders-review/decoders-review/data/papers/2601.01137
2512.21922,v2,Poincaré Duality and Multiplicative Structures on Quantum Codes,Yiming Li; Zimu Li; Zi-Wen Liu; Quynh T. Nguyen,2025-12-26,2025-12-30,quant-ph,quant-ph; cs.CC; cs.IT; math-ph,relevant,0.55,,,decoder.name; decoder.algorithm_outline; decoder.complexity_claims; performance_claims.thresholds; performance_claims.runtime_scaling_claims; simulations; links.code_repo_urls,/home/runner/work/decoders-review/decoders-review/data/papers/2512.21922
2512.18273,v1,Evolutionary BP+OSD Decoding for Low-Latency Quantum Error Correction,Hee-Youl Kwak; Seong-Joon Park; Hyunwoo Jung; Jeongseok Ha; Jae-Won Kim,2025-12-20,2025-12-20,quant-ph,quant-ph; cs.AI,maybe,0.35,,,decoder.name; decoder.algorithm_outline; decoder.complexity_claims; performance_claims.thresholds; performance_claims.runtime_scaling_claims; simulations; links.code_repo_urls,/home/runner/work/decoders-review/decoders-review/data/papers/2512.18273
2512.15063,v1,Bosonic quantum computing with near-term devices and beyond,Timo Hillmann,2025-12-17,2025-12-17,quant-ph,quant-ph,relevant,0.55,,,decoder.name; decoder.algorithm_outline; decoder.complexity_claims; performance_claims.thresholds; performance_claims.runtime_scaling_claims; simulations; links.code_repo_urls,/home/runner/work/decoders-review/decoders-review/data/papers/2512.15063
2512.07057,v2,Beam search decoder for quantum LDPC codes,Min Ye; Dave Wecker; Nicolas Delfosse,2025-12-08,2025-12-17,quant-ph,quant-ph; cs.IT,relevant,0.55,,,decoder.name; decoder.algorithm_outline; decoder.complexity_claims; performance_claims.thresholds; performance_claims.runtime_scaling_claims; simulations; links.code_repo_urls,/home/runner/work/decoders-review/decoders-review/data/papers/2512.07057
2504.02673,v2,QUITS: A modular Qldpc code circUIT Simulator,Mingyu Kang; Yingjia Lin; Hanwen Yao; Mert Gökduman; Arianna Meinking; Kenneth R. Brown,2025-04-03,2025-12-01,quant-ph,quant-ph,maybe,0.35,,,decoder.name; decoder.algorithm_outline; decoder.complexity_claims; performance_claims.thresholds; performance_claims.runtime_scaling_claims; simulations; links.code_repo_urls,/home/runner/work/decoders-review/decoders-review/data/papers/2504.02673
2506.19219,v3,Improved energy barrier in higher-dimensional hypergraph product codes,Guangqi Zhao,2025-06-24,2025-11-26,quant-ph,quant-ph,maybe,0.35,,,decoder.name; decoder.algorithm_outline; decoder.complexity_claims; performance_claims.thresholds; performance_claims.runtime_scaling_claims; simulations; links.code_repo_urls,/home/runner/work/decoders-review/decoders-review/data/papers/2506.19219
2511.15177,v1,Fail fast: techniques to probe rare events in quantum error correction,Michael E. Beverland; Malcolm Carroll; Andrew W. Cross; Theodore J. Yoder,2025-11-19,2025-11-19,quant-ph,quant-ph,maybe,0.35,,,decoder.name; decoder.algorithm_outline; decoder.complexity_claims; performance_claims.thresholds; performance_claims.runtime_scaling_claims; simulations; links.code_repo_urls,/home/runner/work/decoders-review/decoders-review/data/papers/2511.15177
2511.13281,v1,Restart Belief: A General Quantum LDPC Decoder,Lorenzo Valentini; Diego Forlivesi; Andrea Talarico; Marco Chiani,2025-11-17,2025-11-17,quant-ph,quant-ph; cs.IT,maybe,0.35,,,decoder.name; decoder.algorithm_outline; decoder.complexity_claims; performance_claims.thresholds; performance_claims.runtime_scaling_claims; simulations; links.code_repo_urls,/home/runner/work/decoders-review/decoders-review/data/papers/2511.13281
2508.05095,v3,Explicit Instances of Quantum Tanner Codes,Rebecca Katharina Radebold; Stephen D. Bartlett; Andrew C. Doherty,2025-08-07,2025-11-14,quant-ph,quant-ph,maybe,0.35,,,decoder.name; decoder.algorithm_outline; decoder.complexity_claims; performance_claims.thresholds; performance_claims.runtime_scaling_claims; simulations; links.code_repo_urls,/home/runner/work/decoders-review/decoders-review/data/papers/2508.05095
2511.04634,v1,Random Construction of Quantum LDPC Codes,Koki Okada; Kenta Kasai,2025-11-06,2025-11-06,quant-ph,quant-ph; cs.IT,relevant,0.55,,,decoder.name; decoder.algorithm_outline; decoder.complexity_claims; performance_claims.thresholds; performance_claims.runtime_scaling_claims; simulations; links.code_repo_urls,/home/runner/work/decoders-review/decoders-review/data/papers/2511.04634
2511.02951,v1,List Decoding and New Bicycle Code Constructions for Quantum LDPC Codes,Sheida Rabeti; Hessam Mahdavifar,2025-11-04,2025-11-04,cs.IT,cs.IT,maybe,0.35,,,decoder.name; decoder.algorithm_outline; decoder.complexity_claims; performance_claims.thresholds; performance_claims.runtime_scaling_claims; simulations; links.code_repo_urls,/home/runner/work/decoders-review/decoders-review/data/papers/2511.02951
2511.01741,v1,HyperNQ: A Hypergraph Neural Network Decoder for Quantum LDPC Codes,Ameya S. Bhave; Navnil Choudhury; Kanad Basu,2025-11-03,2025-11-03,cs.LG,cs.LG; cs.IT; quant-ph,maybe,0.35,,,decoder.name; decoder.algorithm_outline; decoder.complexity_claims; performance_claims.thresholds; performance_claims.runtime_scaling_claims; simulations; links.code_repo_urls,/home/runner/work/decoders-review/decoders-review/data/papers/2511.01741
2501.07363,v2,Entanglement-Assisted Quantum Quasi-Cyclic LDPC Codes with Transversal Logical Operators,Pavan Kumar; Abhi Kumar Sharma; Shayan Srinivasa Garani,2025-01-13,2025-11-03,cs.IT,cs.IT,relevant,0.55,,,decoder.name; decoder.algorithm_outline; decoder.complexity_claims; performance_claims.thresholds; performance_claims.runtime_scaling_claims; simulations; links.code_repo_urls,/home/runner/work/decoders-review/decoders-review/data/papers/2501.07363
2510.21600,v1,Real-time decoding of the gross code memory with FPGAs,Thilo Maurer; Markus Bühler; Michael Kröner; Frank Haverkamp; Tristan Müller; Drew Vandeth; Blake R. Johnson,2025-10-24,2025-10-24,quant-ph,quant-ph,maybe,0.35,,,decoder.name; decoder.algorithm_outline; decoder.complexity_claims; performance_claims.thresholds; performance_claims.runtime_scaling_claims; simulations; links.code_repo_urls,/home/runner/work/decoders-review/decoders-review/data/papers/2510.21600
2510.14090,v1,Quantum Low-Density Parity-Check Codes,Bane Vasic; Valentin Savin; Michele Pacenti; Shantom Borah; Nithin Raveendran,2025-10-15,2025-10-15,quant-ph,quant-ph; cs.IT,maybe,0.35,,,decoder.name; decoder.algorithm_outline; decoder.complexity_claims; performance_claims.thresholds; performance_claims.runtime_scaling_claims; simulations; links.code_repo_urls,/home/runner/work/decoders-review/decoders-review/data/papers/2510.14090
2510.08695,v1,Degeneracy Cutting: A Local and Efficient Post-Processing for Belief Propagation Decoding of Quantum Low-Density Parity-Check Codes,Kento Tsubouchi; Hayata Yamasaki; Shiro Tamiya,2025-10-09,2025-10-09,quant-ph,quant-ph,maybe,0.35,,,decoder.name; decoder.algorithm_outline; decoder.complexity_claims; performance_claims.thresholds; performance_claims.runtime_scaling_claims; simulations; links.code_repo_urls,/home/runner/work/decoders-review/decoders-review/data/papers/2510.08695
2510.07602,v1,Noisy-Syndrome Decoding of Hypergraph Product Codes,Venkata Gandikota; Elena Grigorescu; Vatsal Jha; S. Venkitesh,2025-10-08,2025-10-08,quant-ph,quant-ph,maybe,0.35,,,decoder.name; decoder.algorithm_outline; decoder.complexity_claims; performance_claims.thresholds; performance_claims.runtime_scaling_claims; simulations; links.code_repo_urls,/home/runner/work/decoders-review/decoders-review/data/papers/2510.07602
2510.06760,v1,Constant-Overhead Addressable Gates via Single-Shot Code Switching,Louis Golowich; Kathleen Chang; Guanyu Zhu,2025-10-08,2025-10-08,quant-ph,quant-ph; cs.IT,relevant,0.55,,,decoder.name; decoder.algorithm_outline; decoder.complexity_claims; performance_claims.thresholds; performance_claims.runtime_scaling_claims; simulations; links.code_repo_urls,/home/runner/work/decoders-review/decoders-review/data/papers/2510.06760
2508.04969,v2,Minimum-Weight Parity Factor Decoder for Quantum Error Correction,Yue Wu; Binghong Li; Kathleen Chang; Shruti Puri; Lin Zhong,2025-08-07,2025-10-02,quant-ph,quant-ph; cs.DS,maybe,0.35,,,decoder.name; decoder.algorithm_outline; decoder.complexity_claims; performance_claims.thresholds; performance_claims.runtime_scaling_claims; simulations; links.code_repo_urls,/home/runner/work/decoders-review/decoders-review/data/papers/2508.04969
2509.22347,v1,Decoding quantum low density parity check codes with diffusion,Zejun Liu; Anqi Gong; Bryan K. Clark,2025-09-26,2025-09-26,quant-ph,quant-ph,maybe,0.35,,,decoder.name; decoder.algorithm_outline; decoder.complexity_claims; performance_claims.thresholds; performance_claims.runtime_scaling_claims; simulations; links.code_repo_urls,/home/runner/work/decoders-review/decoders-review/data/papers/2509.22347
2509.06316,v1,Single-Shot Decoding of Biased-Tailored Quantum LDPC Codes,Devon Campbell,2025-09-08,2025-09-08,quant-ph,quant-ph; cs.IT,maybe,0.35,,,decoder.name; decoder.algorithm_outline; decoder.complexity_claims; performance_claims.thresholds; performance_claims.runtime_scaling_claims; simulations; links.code_repo_urls,/home/runner/work/decoders-review/decoders-review/data/papers/2509.06316
2412.21171,v4,Quantum Error Correction near the Coding Theoretical Bound,Daiki Komoto; Kenta Kasai,2024-12-30,2025-09-08,quant-ph,quant-ph; cs.IT,relevant,0.55,,,decoder.name; decoder.algorithm_outline; decoder.complexity_claims; performance_claims.thresholds; performance_claims.runtime_scaling_claims; simulations; links.code_repo_urls,/home/runner/work/decoders-review/decoders-review/data/papers/2412.21171
2406.18655,v2,Localized statistics decoding for quantum low-density parity-check codes,Timo Hillmann; Lucas Berent; Armanda O. Quintavalle; Jens Eisert; Robert Wille; Joschka Roffe,2024-06-26,2025-09-05,quant-ph,quant-ph; cs.IT,maybe,0.35,,,decoder.name; decoder.algorithm_outline; decoder.complexity_claims; performance_claims.thresholds; performance_claims.runtime_scaling_claims; simulations; links.code_repo_urls,/home/runner/work/decoders-review/decoders-review/data/papers/2406.18655
2509.01892,v1,Accelerating BP-OSD Decoder for QLDPC Codes with Local Syndrome-Based Preprocessing,Wenxuan Fan; Yasunari Suzuki; Gokul Subramanian Ravi; Yosuke Ueno; Koji Inoue; Teruo Tanimoto,2025-09-02,2025-09-02,quant-ph,quant-ph,maybe,0.35,,,decoder.name; decoder.algorithm_outline; decoder.complexity_claims; performance_claims.thresholds; performance_claims.runtime_scaling_claims; simulations; links.code_repo_urls,/home/runner/work/decoders-review/decoders-review/data/papers/2509.01892
2506.16910,v2,Abelian multi-cycle codes for single-shot error correction,Hsiang-Ku Lin; Pak Kau Lim; Alexey A. Kovalev; Leonid P. Pryadko,2025-06-20,2025-08-26,quant-ph,quant-ph,maybe,0.35,,,decoder.name; decoder.algorithm_outline; decoder.complexity_claims; performance_claims.thresholds; performance_claims.runtime_scaling_claims; simulations; links.code_repo_urls,/home/runner/work/decoders-review/decoders-review/data/papers/2506.16910
2508.07879,v1,GPU-Accelerated Syndrome Decoding for Quantum LDPC Codes below the 63 $μ$s Latency Threshold,Oscar Ferraz; Bruno Coutinho; Gabriel Falcao; Marco Gomes; Francisco A. Monteiro; Vitor Silva,2025-08-11,2025-08-11,quant-ph,quant-ph; cs.DC,maybe,0.35,,,decoder.name; decoder.algorithm_outline; decoder.complexity_claims; performance_claims.thresholds; performance_claims.runtime_scaling_claims; simulations; links.code_repo_urls,/home/runner/work/decoders-review/decoders-review/data/papers/2508.07879
2508.04769,v1,Power and Limitations of Linear Programming Decoder for Quantum LDPC Codes,Shouzhen Gu; Mehdi Soleimanifar,2025-08-06,2025-08-06,quant-ph,quant-ph; cs.IT,relevant,0.55,,,decoder.name; decoder.algorithm_outline; decoder.complexity_claims; performance_claims.thresholds; performance_claims.runtime_scaling_claims; simulations; links.code_repo_urls,/home/runner/work/decoders-review/decoders-review/data/papers/2508.04769
2409.01440,v2,An almost-linear time decoding algorithm for quantum LDPC codes under circuit-level noise,Antonio deMarti iOlius; Imanol Etxezarreta Martinez; Joschka Roffe; Josu Etxezarreta Martinez,2024-09-02,2025-08-05,quant-ph,quant-ph,maybe,0.35,,,decoder.name; decoder.algorithm_outline; decoder.complexity_claims; performance_claims.thresholds; performance_claims.runtime_scaling_claims; simulations; links.code_repo_urls,/home/runner/work/decoders-review/decoders-review/data/papers/2409.01440
2507.11534,v2,Sharp Error-Rate Transitions in Quantum QC-LDPC Codes under Joint BP Decoding,Daiki Komoto; Kenta Kasai,2025-07-15,2025-07-16,quant-ph,quant-ph; cs.IT,relevant,0.55,,,decoder.name; decoder.algorithm_outline; decoder.complexity_claims; performance_claims.thresholds; performance_claims.runtime_scaling_claims; simulations; links.code_repo_urls,/home/runner/work/decoders-review/decoders-review/data/papers/2507.11534
2501.08036,v2,Decoding Quantum LDPC Codes using Collaborative Check Node Removal,Mainak Bhattacharyya; Ankur Raina,2025-01-14,2025-06-30,quant-ph,quant-ph; cs.IT,maybe,0.35,,,decoder.name; decoder.algorithm_outline; decoder.complexity_claims; performance_claims.thresholds; performance_claims.runtime_scaling_claims; simulations; links.code_repo_urls,/home/runner/work/decoders-review/decoders-review/data/papers/2501.08036
2505.18592,v2,Hierarchical Quantum Error Correction with Hypergraph Product Code and Rotated Surface Code,Junichi Haruna; Keisuke Fujii,2025-05-24,2025-06-24,quant-ph,quant-ph,maybe,0.35,,,decoder.name; decoder.algorithm_outline; decoder.complexity_claims; performance_claims.thresholds; performance_claims.runtime_scaling_claims; simulations; links.code_repo_urls,/home/runner/work/decoders-review/decoders-review/data/papers/2505.18592
2501.09622,v3,"Optimizing hypergraph product codes with random walks, simulated annealing and reinforcement learning",Bruno C. A. Freire; Nicolas Delfosse; Anthony Leverrier,2025-01-16,2025-06-05,quant-ph,quant-ph; cs.IT,maybe,0.35,,,decoder.name; decoder.algorithm_outline; decoder.complexity_claims; performance_claims.thresholds; performance_claims.runtime_scaling_claims; simulations; links.code_repo_urls,/home/runner/work/decoders-review/decoders-review/data/papers/2501.09622
2502.19971,v2,Efficient and Universal Neural-Network Decoder for Stabilizer-Based Quantum Error Correction,Gengyuan Hu; Wanli Ouyang; Chao-Yang Lu; Chen Lin; Han-Sen Zhong,2025-02-27,2025-06-03,quant-ph,quant-ph; cs.AI,maybe,0.35,,,decoder.name; decoder.algorithm_outline; decoder.complexity_claims; performance_claims.thresholds; performance_claims.runtime_scaling_claims; simulations; links.code_repo_urls,/home/runner/work/decoders-review/decoders-review/data/papers/2502.19971
2504.21845,v2,On the Efficacy of the Peeling Decoder for the Quantum Expander Code,Jefrin Sharmitha Prabhu; Abhinav Vaishya; Shobhit Bhatnagar; Aryaman Manish Kolhe; V. Lalitha; P. Vijay Kumar,2025-04-30,2025-05-29,quant-ph,quant-ph; cs.IT,relevant,0.55,,,decoder.name; decoder.algorithm_outline; decoder.complexity_claims; performance_claims.thresholds; performance_claims.runtime_scaling_claims; simulations; links.code_repo_urls,/home/runner/work/decoders-review/decoders-review/data/papers/2504.21845
2505.06385,v1,Fault Tolerant Decoding of QLDPC-GKP Codes with Circuit Level Soft Information,Shantom K. Borah; Asit K. Pradhan; Nithin Raveendran; Michele Pacenti; Bane Vasic,2025-05-09,2025-05-09,quant-ph,quant-ph,maybe,0.35,,,decoder.name; decoder.algorithm_outline; decoder.complexity_claims; performance_claims.thresholds; performance_claims.runtime_scaling_claims; simulations; links.code_repo_urls,/home/runner/work/decoders-review/decoders-review/data/papers/2505.06385
2505.06157,v1,Advancing Finite-Length Quantum Error Correction Using Generalized Bicycle Codes,Olai Å. Mostad; Hsuan-Yin Lin; Eirik Rosnes; De-Shih Lee; Ching-Yi Lai,2025-05-09,2025-05-09,quant-ph,quant-ph; cs.IT,maybe,0.35,,,decoder.name; decoder.algorithm_outline; decoder.complexity_claims; performance_claims.thresholds; performance_claims.runtime_scaling_claims; simulations; links.code_repo_urls,/home/runner/work/decoders-review/decoders-review/data/papers/2505.06157
2504.21200,v1,Turbo-Annihilation of Hook Errors in Stabilizer Measurement Circuits,Michele Pacenti; Asit K. Pradhan; Shantom K. Borah; Bane Vasic,2025-04-29,2025-04-29,quant-ph,quant-ph,relevant,0.55,,,decoder.name; decoder.algorithm_outline; decoder.complexity_claims; performance_claims.thresholds; performance_claims.runtime_scaling_claims; simulations; links.code_repo_urls,/home/runner/work/decoders-review/decoders-review/data/papers/2504.21200
2504.15087,v1,Explicit Lossless Vertex Expanders,Jun-Ting Hsieh; Alexander Lubotzky; Sidhanth Mohanty; Assaf Reiner; Rachel Yun Zhang,2025-04-21,2025-04-21,math.CO,math.CO; cs.CC; cs.DM; cs.DS; math.GR,relevant,0.55,,,decoder.name; decoder.algorithm_outline; decoder.complexity_claims; performance_claims.thresholds; performance_claims.runtime_scaling_claims; simulations; links.code_repo_urls,/home/runner/work/decoders-review/decoders-review/data/papers/2504.15087
2504.13043,v1,Machine Learning Decoding of Circuit-Level Noise for Bivariate Bicycle Codes,John Blue; Harshil Avlani; Zhiyang He; Liu Ziyin; Isaac L. Chuang,2025-04-17,2025-04-17,quant-ph,quant-ph,maybe,0.35,,,decoder.name; decoder.algorithm_outline; decoder.complexity_claims; performance_claims.thresholds; performance_claims.runtime_scaling_claims; simulations; links.code_repo_urls,/home/runner/work/decoders-review/decoders-review/data/papers/2504.13043
2409.05818,v2,Non-local resources for error correction in quantum LDPC codes,Omprakash Chandra; Gopikrishnan Muraleedharan; Gavin K. Brennen,2024-09-09,2025-04-11,quant-ph,quant-ph,maybe,0.35,,,decoder.name; decoder.algorithm_outline; decoder.complexity_claims; performance_claims.thresholds; performance_claims.runtime_scaling_claims; simulations; links.code_repo_urls,/home/runner/work/decoders-review/decoders-review/data/papers/2409.05818
2504.05080,v2,Online Gaussian elimination for quantum LDPC decoding,Sam J. Griffiths; Asmae Benhemou; Dan E. Browne,2025-04-07,2025-04-09,quant-ph,quant-ph,relevant,0.55,,,decoder.name; decoder.algorithm_outline; decoder.complexity_claims; performance_claims.thresholds; performance_claims.runtime_scaling_claims; simulations; links.code_repo_urls,/home/runner/work/decoders-review/decoders-review/data/papers/2504.05080
2504.01728,v1,Linear Time Iterative Decoders for Hypergraph-Product and Lifted-Product Codes,Asit Kumar Pradhan; Nithin Raveendran; Narayanan Rengaswamy; Bane Vasić,2025-04-02,2025-04-02,cs.IT,cs.IT; quant-ph,maybe,0.35,,,decoder.name; decoder.algorithm_outline; decoder.complexity_claims; performance_claims.thresholds; performance_claims.runtime_scaling_claims; simulations; links.code_repo_urls,/home/runner/work/decoders-review/decoders-review/data/papers/2504.01728
2305.00137,v6,Spatially-Coupled QLDPC Codes,Siyi Yang; Robert Calderbank,2023-04-29,2025-04-02,quant-ph,quant-ph; cs.IT,relevant,0.55,,,decoder.name; decoder.algorithm_outline; decoder.complexity_claims; performance_claims.thresholds; performance_claims.runtime_scaling_claims; simulations; links.code_repo_urls,/home/runner/work/decoders-review/decoders-review/data/papers/2305.00137
2504.01164,v1,Diversity Methods for Improving Convergence and Accuracy of Quantum Error Correction Decoders Through Hardware Emulation,Francisco Garcia-Herrero; Javier Valls; Llanos Vergara-Picazo; Vicente Torres,2025-04-01,2025-04-01,quant-ph,quant-ph,maybe,0.35,,,decoder.name; decoder.algorithm_outline; decoder.complexity_claims; performance_claims.thresholds; performance_claims.runtime_scaling_claims; simulations; links.code_repo_urls,/home/runner/work/decoders-review/decoders-review/data/papers/2504.01164
2503.21374,v1,Generative Decoding for Quantum Error-correcting Codes,Hanyan Cao; Feng Pan; Dongyang Feng; Yijia Wang; Pan Zhang,2025-03-27,2025-03-27,quant-ph,quant-ph,maybe,0.35,,,decoder.name; decoder.algorithm_outline; decoder.complexity_claims; performance_claims.thresholds; performance_claims.runtime_scaling_claims; simulations; links.code_repo_urls,/home/runner/work/decoders-review/decoders-review/data/papers/2503.21374
2408.06299,v2,Stabilizer Entanglement Distillation and Efficient Fault-Tolerant Encoders,Yu Shi; Ashlesha Patil; Saikat Guha,2024-08-12,2025-03-07,quant-ph,quant-ph,maybe,0.35,,,decoder.name; decoder.algorithm_outline; decoder.complexity_claims; performance_claims.thresholds; performance_claims.runtime_scaling_claims; simulations; links.code_repo_urls,/home/runner/work/decoders-review/decoders-review/data/papers/2408.06299
2503.03936,v1,Construction and Decoding of Quantum Margulis Codes,Michele Pacenti; Dimitris Chytas; Bane Vasic,2025-03-05,2025-03-05,quant-ph,quant-ph; cs.IT,maybe,0.35,,,decoder.name; decoder.algorithm_outline; decoder.complexity_claims; performance_claims.thresholds; performance_claims.runtime_scaling_claims; simulations; links.code_repo_urls,/home/runner/work/decoders-review/decoders-review/data/papers/2503.03936
2502.16408,v1,Decision-tree decoders for general quantum LDPC codes,Kai R. Ott; Bence Hetényi; Michael E. Beverland,2025-02-23,2025-02-23,quant-ph,quant-ph,maybe,0.35,,,decoder.name; decoder.algorithm_outline; decoder.complexity_claims; performance_claims.thresholds; performance_claims.runtime_scaling_claims; simulations; links.code_repo_urls,/home/runner/work/decoders-review/decoders-review/data/papers/2502.16408
2308.08208,v2,Quaternary Neural Belief Propagation Decoding of Quantum LDPC Codes with Overcomplete Check Matrices,Sisi Miao; Alexander Schnerring; Haizheng Li; Laurent Schmalen,2023-08-16,2025-02-15,quant-ph,quant-ph; cs.IT,maybe,0.35,,,decoder.name; decoder.algorithm_outline; decoder.complexity_claims; performance_claims.thresholds; performance_claims.runtime_scaling_claims; simulations; links.code_repo_urls,/home/runner/work/decoders-review/decoders-review/data/papers/2308.08208
2207.08826,v3,Time-Efficient Constant-Space-Overhead Fault-Tolerant Quantum Computation,Hayata Yamasaki; Masato Koashi,2022-07-18,2025-01-28,quant-ph,quant-ph,maybe,0.35,,,decoder.name; decoder.algorithm_outline; decoder.complexity_claims; performance_claims.thresholds; performance_claims.runtime_scaling_claims; simulations; links.code_repo_urls,/home/runner/work/decoders-review/decoders-review/data/papers/2207.08826
2501.05021,v1,Enhanced Min-Sum Decoding of Quantum Codes Using Previous Iteration Dynamics,Dimitris Chytas; Nithin Raveendran; Bane Vasic,2025-01-09,2025-01-09,quant-ph,quant-ph,maybe,0.35,,,decoder.name; decoder.algorithm_outline; decoder.complexity_claims; performance_claims.thresholds; performance_claims.runtime_scaling_claims; simulations; links.code_repo_urls,/home/runner/work/decoders-review/decoders-review/data/papers/2501.05021
2406.14527,v2,Ambiguity Clustering: an accurate and efficient decoder for qLDPC codes,Stasiu Wolanski; Ben Barber,2024-06-20,2025-01-03,quant-ph,quant-ph,maybe,0.35,,,decoder.name; decoder.algorithm_outline; decoder.complexity_claims; performance_claims.thresholds; performance_claims.runtime_scaling_claims; simulations; links.code_repo_urls,/home/runner/work/decoders-review/decoders-review/data/papers/2406.14527
2412.08817,v1,Cluster Decomposition for Improved Erasure Decoding of Quantum LDPC Codes,Hanwen Yao; Mert Gökduman; Henry D. Pfister,2024-12-11,2024-12-11,cs.IT,cs.IT; quant-ph,relevant,0.55,,,decoder.name; decoder.algorithm_outline; decoder.complexity_claims; performance_claims.thresholds; performance_claims.runtime_scaling_claims; simulations; links.code_repo_urls,/home/runner/work/decoders-review/decoders-review/data/papers/2412.08817
2412.02885,v1,SymBreak: Mitigating Quantum Degeneracy Issues in QLDPC Code Decoders by Breaking Symmetry,Keyi Yin; Xiang Fang; Jixuan Ruan; Hezi Zhang; Dean Tullsen; Andrew Sornborger; Chenxu Liu; Ang Li; Travis Humble; Yufei Ding,2024-12-03,2024-12-03,quant-ph,quant-ph,relevant,0.55,,,decoder.name; decoder.algorithm_outline; decoder.complexity_claims; performance_claims.thresholds; performance_claims.runtime_scaling_claims; simulations; links.code_repo_urls,/home/runner/work/decoders-review/decoders-review/data/papers/2412.02885
2411.08177,v2,Erasure Decoding for Quantum LDPC Codes via Belief Propagation with Guided Decimation,Mert Gökduman; Hanwen Yao; Henry D. Pfister,2024-11-12,2024-11-15,cs.IT,cs.IT; quant-ph,relevant,0.55,,,decoder.name; decoder.algorithm_outline; decoder.complexity_claims; performance_claims.thresholds; performance_claims.runtime_scaling_claims; simulations; links.code_repo_urls,/home/runner/work/decoders-review/decoders-review/data/papers/2411.08177
2411.04464,v1,Decoding Quasi-Cyclic Quantum LDPC Codes,Louis Golowich; Venkatesan Guruswami,2024-11-07,2024-11-07,quant-ph,quant-ph; cs.IT,maybe,0.35,,,decoder.name; decoder.algorithm_outline; decoder.complexity_claims; performance_claims.thresholds; performance_claims.runtime_scaling_claims; simulations; links.code_repo_urls,/home/runner/work/decoders-review/decoders-review/data/papers/2411.04464
2411.04405,v1,On fault tolerant single-shot logical state preparation and robust long-range entanglement,Thiago Bergamaschi; Yunchao Liu,2024-11-07,2024-11-07,quant-ph,quant-ph; cond-mat.str-el,relevant,0.55,,,decoder.name; decoder.algorithm_outline; decoder.complexity_claims; performance_claims.thresholds; performance_claims.runtime_scaling_claims; simulations; links.code_repo_urls,/home/runner/work/decoders-review/decoders-review/data/papers/2411.04405
2411.04306,v1,List Decodable Quantum LDPC Codes,Thiago Bergamaschi; Fernando Granha Jeronimo; Tushant Mittal; Shashank Srivastava; Madhur Tulsiani,2024-11-06,2024-11-06,cs.IT,cs.IT; quant-ph,maybe,0.35,,,decoder.name; decoder.algorithm_outline; decoder.complexity_claims; performance_claims.thresholds; performance_claims.runtime_scaling_claims; simulations; links.code_repo_urls,/home/runner/work/decoders-review/decoders-review/data/papers/2411.04306
2410.01673,v1,MaxSAT decoders for arbitrary CSS codes,Mohammadreza Noormandipour; Tobias Haug,2024-10-02,2024-10-02,quant-ph,quant-ph; cs.IT,maybe,0.35,,,decoder.name; decoder.algorithm_outline; decoder.complexity_claims; performance_claims.thresholds; performance_claims.runtime_scaling_claims; simulations; links.code_repo_urls,/home/runner/work/decoders-review/decoders-review/data/papers/2410.01673
2409.18689,v1,Fault-Tolerant Belief Propagation for Practical Quantum Memory,Kao-Yueh Kuo; Ching-Yi Lai,2024-09-27,2024-09-27,quant-ph,quant-ph,maybe,0.35,,,decoder.name; decoder.algorithm_outline; decoder.complexity_claims; performance_claims.thresholds; performance_claims.runtime_scaling_claims; simulations; links.code_repo_urls,/home/runner/work/decoders-review/decoders-review/data/papers/2409.18689
2409.14283,v1,"Flag Proxy Networks: Tackling the Architectural, Scheduling, and Decoding Obstacles of Quantum LDPC codes",Suhas Vittal; Ali Javadi-Abhari; Andrew W. Cross; Lev S. Bishop; Moinuddin Qureshi,2024-09-22,2024-09-22,quant-ph,quant-ph; cs.AR,maybe,0.35,,,decoder.name; decoder.algorithm_outline; decoder.complexity_claims; performance_claims.thresholds; performance_claims.runtime_scaling_claims; simulations; links.code_repo_urls,/home/runner/work/decoders-review/decoders-review/data/papers/2409.14283
2402.13958,v2,Improving threshold for fault-tolerant color code quantum computing by flagged weight optimization,Yugo Takada; Keisuke Fujii,2024-02-21,2024-09-17,quant-ph,quant-ph,maybe,0.35,,,decoder.name; decoder.algorithm_outline; decoder.complexity_claims; performance_claims.thresholds; performance_claims.runtime_scaling_claims; simulations; links.code_repo_urls,/home/runner/work/decoders-review/decoders-review/data/papers/2402.13958
2403.16054,v3,Many-hypercube codes: High-rate quantum error-correcting codes for high-performance fault-tolerant quantum computing,Hayato Goto,2024-03-24,2024-08-28,quant-ph,quant-ph,maybe,0.35,,,decoder.name; decoder.algorithm_outline; decoder.complexity_claims; performance_claims.thresholds; performance_claims.runtime_scaling_claims; simulations; links.code_repo_urls,/home/runner/work/decoders-review/decoders-review/data/papers/2403.16054
2408.14652,v1,Continuous Optimization for Decoding Errors,Shashank Srivastava,2024-08-26,2024-08-26,cs.IT,cs.IT; cs.DS,relevant,0.55,,,decoder.name; decoder.algorithm_outline; decoder.complexity_claims; performance_claims.thresholds; performance_claims.runtime_scaling_claims; simulations; links.code_repo_urls,/home/runner/work/decoders-review/decoders-review/data/papers/2408.14652
2408.07038,v2,Machine Learning Message-Passing for the Scalable Decoding of QLDPC Codes,Arshpreet Singh Maan; Alexandru Paler,2024-08-13,2024-08-26,quant-ph,quant-ph,maybe,0.35,,,decoder.name; decoder.algorithm_outline; decoder.complexity_claims; performance_claims.thresholds; performance_claims.runtime_scaling_claims; simulations; links.code_repo_urls,/home/runner/work/decoders-review/decoders-review/data/papers/2408.07038
2208.01002,v3,Fast erasure decoder for hypergraph product codes,Nicholas Connolly; Vivien Londe; Anthony Leverrier; Nicolas Delfosse,2022-08-01,2024-08-21,quant-ph,quant-ph; cs.IT,relevant,0.55,,,decoder.name; decoder.algorithm_outline; decoder.complexity_claims; performance_claims.thresholds; performance_claims.runtime_scaling_claims; simulations; links.code_repo_urls,/home/runner/work/decoders-review/decoders-review/data/papers/2208.01002
2408.05170,v1,Decoding Quantum LDPC Codes Using Graph Neural Networks,Vukan Ninkovic; Ognjen Kundacina; Dejan Vukobratovic; Christian Häger; Alexandre Graell i Amat,2024-08-09,2024-08-09,quant-ph,quant-ph; cs.IT; cs.LG,maybe,0.35,,,decoder.name; decoder.algorithm_outline; decoder.complexity_claims; performance_claims.thresholds; performance_claims.runtime_scaling_claims; simulations; links.code_repo_urls,/home/runner/work/decoders-review/decoders-review/data/papers/2408.05170
2407.15988,v1,Breadth-first graph traversal union-find decoder,Matthias C. Löbl; Susan X. Chen; Stefano Paesani; Anders S. Sørensen,2024-07-22,2024-07-22,quant-ph,quant-ph,maybe,0.35,,,decoder.name; decoder.algorithm_outline; decoder.complexity_claims; performance_claims.thresholds; performance_claims.runtime_scaling_claims; simulations; links.code_repo_urls,/home/runner/work/decoders-review/decoders-review/data/papers/2407.15988
2209.13474,v2,Classical product code constructions for quantum Calderbank-Shor-Steane codes,Dimiter Ostrev; Davide Orsucci; Francisco Lázaro; Balazs Matuz,2022-09-27,2024-07-18,quant-ph,quant-ph; cs.IT,maybe,0.35,,,decoder.name; decoder.algorithm_outline; decoder.complexity_claims; performance_claims.thresholds; performance_claims.runtime_scaling_claims; simulations; links.code_repo_urls,/home/runner/work/decoders-review/decoders-review/data/papers/2209.13474
2406.17070,v1,Collective Bit Flipping-Based Decoding of Quantum LDPC Codes,Dimitris Chytas; Nithin Raveendran; Bane Vasić,2024-06-24,2024-06-24,cs.IT,cs.IT; quant-ph,maybe,0.35,,,decoder.name; decoder.algorithm_outline; decoder.complexity_claims; performance_claims.thresholds; performance_claims.runtime_scaling_claims; simulations; links.code_repo_urls,/home/runner/work/decoders-review/decoders-review/data/papers/2406.17070
2312.10950,v2,Belief Propagation Decoding of Quantum LDPC Codes with Guided Decimation,Hanwen Yao; Waleed Abu Laban; Christian Häger; Alexandre Graell i Amat; Henry D. Pfister,2023-12-18,2024-06-21,cs.IT,cs.IT; quant-ph,maybe,0.35,,,decoder.name; decoder.algorithm_outline; decoder.complexity_claims; performance_claims.thresholds; performance_claims.runtime_scaling_claims; simulations; links.code_repo_urls,/home/runner/work/decoders-review/decoders-review/data/papers/2312.10950
2406.14445,v1,"High-threshold, low-overhead and single-shot decodable fault-tolerant quantum memory",Thomas R. Scruby; Timo Hillmann; Joschka Roffe,2024-06-20,2024-06-20,quant-ph,quant-ph,maybe,0.35,,,decoder.name; decoder.algorithm_outline; decoder.complexity_claims; performance_claims.thresholds; performance_claims.runtime_scaling_claims; simulations; links.code_repo_urls,/home/runner/work/decoders-review/decoders-review/data/papers/2406.14445
2311.01328,v2,Analog information decoding of bosonic quantum LDPC codes,Lucas Berent; Timo Hillmann; Jens Eisert; Robert Wille; Joschka Roffe,2023-11-02,2024-06-10,quant-ph,quant-ph; cs.IT,maybe,0.35,,,decoder.name; decoder.algorithm_outline; decoder.complexity_claims; performance_claims.thresholds; performance_claims.runtime_scaling_claims; simulations; links.code_repo_urls,/home/runner/work/decoders-review/decoders-review/data/papers/2311.01328
2405.07433,v2,Efficient soft-output decoders for the surface code,Nadine Meister; Christopher A. Pattison; John Preskill,2024-05-13,2024-06-01,quant-ph,quant-ph,maybe,0.35,,,decoder.name; decoder.algorithm_outline; decoder.complexity_claims; performance_claims.thresholds; performance_claims.runtime_scaling_claims; simulations; links.code_repo_urls,/home/runner/work/decoders-review/decoders-review/data/papers/2405.07433
2307.14532,v2,Absorbing Sets in Quantum LDPC Codes,Kirsten D. Morris; Tefjol Pllaha; Christine A. Kelley,2023-07-26,2024-05-10,cs.IT,cs.IT,maybe,0.35,,,decoder.name; decoder.algorithm_outline; decoder.complexity_claims; performance_claims.thresholds; performance_claims.runtime_scaling_claims; simulations; links.code_repo_urls,/home/runner/work/decoders-review/decoders-review/data/papers/2307.14532
2405.03776,v1,Near-optimal decoding algorithm for color codes using Population Annealing,Fernando Martínez-García; Francisco Revson F. Pereira; Pedro Parrado-Rodríguez,2024-05-06,2024-05-06,quant-ph,quant-ph,maybe,0.35,,,decoder.name; decoder.algorithm_outline; decoder.complexity_claims; performance_claims.thresholds; performance_claims.runtime_scaling_claims; simulations; links.code_repo_urls,/home/runner/work/decoders-review/decoders-review/data/papers/2405.03776
2401.06874,v3,A Joint Code and Belief Propagation Decoder Design for Quantum LDPC Codes,Sisi Miao; Jonathan Mandelbaum; Holger Jäkel; Laurent Schmalen,2024-01-12,2024-05-05,cs.IT,cs.IT; quant-ph,maybe,0.35,,,decoder.name; decoder.algorithm_outline; decoder.complexity_claims; performance_claims.thresholds; performance_claims.runtime_scaling_claims; simulations; links.code_repo_urls,/home/runner/work/decoders-review/decoders-review/data/papers/2401.06874
2306.17122,v3,Partial Syndrome Measurement for Hypergraph Product Codes,Noah Berthusen; Daniel Gottesman,2023-06-29,2024-05-01,quant-ph,quant-ph,maybe,0.35,,,decoder.name; decoder.algorithm_outline; decoder.complexity_claims; performance_claims.thresholds; performance_claims.runtime_scaling_claims; simulations; links.code_repo_urls,/home/runner/work/decoders-review/decoders-review/data/papers/2306.17122
2310.15000,v3,Check-Agnosia based Post-Processor for Message-Passing Decoding of Quantum LDPC Codes,Julien du Crest; Francisco Garcia-Herrero; Mehdi Mhalla; Valentin Savin; Javier Valls,2023-10-23,2024-04-29,quant-ph,quant-ph,maybe,0.35,,,decoder.name; decoder.algorithm_outline; decoder.complexity_claims; performance_claims.thresholds; performance_claims.runtime_scaling_claims; simulations; links.code_repo_urls,/home/runner/work/decoders-review/decoders-review/data/papers/2310.15000
2306.12470,v2,Single-shot decoding of good quantum LDPC codes,Shouzhen Gu; Eugene Tang; Libor Caha; Shin Ho Choe; Zhiyang He; Aleksander Kubica,2023-06-21,2024-04-11,quant-ph,quant-ph; cs.IT,maybe,0.35,,,decoder.name; decoder.algorithm_outline; decoder.complexity_claims; performance_claims.thresholds; performance_claims.runtime_scaling_claims; simulations; links.code_repo_urls,/home/runner/work/decoders-review/decoders-review/data/papers/2306.12470
2403.18901,v1,Toward Low-latency Iterative Decoding of QLDPC Codes Under Circuit-Level Noise,Anqi Gong; Sebastian Cammerer; Joseph M. Renes,2024-03-27,2024-03-27,quant-ph,quant-ph; cs.IT,maybe,0.35,,,decoder.name; decoder.algorithm_outline; decoder.complexity_claims; performance_claims.thresholds; performance_claims.runtime_scaling_claims; simulations; links.code_repo_urls,/home/runner/work/decoders-review/decoders-review/data/papers/2403.18901
2207.06428,v2,Conservation laws and quantum error correction: towards a generalised matching decoder,Benjamin J. Brown,2022-07-13,2024-02-28,quant-ph,quant-ph; cond-mat.stat-mech; cond-mat.str-el,maybe,0.35,,,decoder.name; decoder.algorithm_outline; decoder.complexity_claims; performance_claims.thresholds; performance_claims.runtime_scaling_claims; simulations; links.code_repo_urls,/home/runner/work/decoders-review/decoders-review/data/papers/2207.06428
2402.01532,v2,The closed-branch decoder for quantum LDPC codes,Antonio deMarti iOlius; Josu Etxezarreta Martinez,2024-02-02,2024-02-14,quant-ph,quant-ph,maybe,0.35,,,decoder.name; decoder.algorithm_outline; decoder.complexity_claims; performance_claims.thresholds; performance_claims.runtime_scaling_claims; simulations; links.code_repo_urls,/home/runner/work/decoders-review/decoders-review/data/papers/2402.01532
2311.18488,v2,Low-Complexity Linear Programming Based Decoding of Quantum LDPC codes,Sana Javed; Francisco Garcia-Herrero; Bane Vasic; Mark F. Flanagan,2023-11-30,2024-01-19,cs.IT,cs.IT,maybe,0.35,,,decoder.name; decoder.algorithm_outline; decoder.complexity_claims; performance_claims.thresholds; performance_claims.runtime_scaling_claims; simulations; links.code_repo_urls,/home/runner/work/decoders-review/decoders-review/data/papers/2311.18488
2210.14143,v2,Entanglement Purification with Quantum LDPC Codes and Iterative Decoding,Narayanan Rengaswamy; Nithin Raveendran; Ankur Raina; Bane Vasić,2022-10-25,2024-01-16,quant-ph,quant-ph; cs.IT,maybe,0.35,,,decoder.name; decoder.algorithm_outline; decoder.complexity_claims; performance_claims.thresholds; performance_claims.runtime_scaling_claims; simulations; links.code_repo_urls,/home/runner/work/decoders-review/decoders-review/data/papers/2210.14143
2305.17505,v4,Improved belief propagation decoding algorithm based on decoupling representation of Pauli operators for quantum LDPC codes,Zhengzhong Yi; Zhipeng Liang; Kaixin Zhong; Yulin Wu; Zhou Fang; Xuan Wang,2023-05-27,2023-12-04,quant-ph,quant-ph,maybe,0.35,,,decoder.name; decoder.algorithm_outline; decoder.complexity_claims; performance_claims.thresholds; performance_claims.runtime_scaling_claims; simulations; links.code_repo_urls,/home/runner/work/decoders-review/decoders-review/data/papers/2305.17505
2311.08653,v1,Quantum Locally Recoverable Codes,Louis Golowich; Venkatesan Guruswami,2023-11-15,2023-11-15,quant-ph,quant-ph; cs.IT,relevant,0.55,,,decoder.name; decoder.algorithm_outline; decoder.complexity_claims; performance_claims.thresholds; performance_claims.runtime_scaling_claims; simulations; links.code_repo_urls,/home/runner/work/decoders-review/decoders-review/data/papers/2311.08653
2311.03307,v1,Improved Noisy Syndrome Decoding of Quantum LDPC Codes with Sliding Window,Shilin Huang; Shruti Puri,2023-11-06,2023-11-06,quant-ph,quant-ph,maybe,0.35,,,decoder.name; decoder.algorithm_outline; decoder.complexity_claims; performance_claims.thresholds; performance_claims.runtime_scaling_claims; simulations; links.code_repo_urls,/home/runner/work/decoders-review/decoders-review/data/papers/2311.03307
2310.17758,v2,Graph Neural Networks for Enhanced Decoding of Quantum LDPC Codes,Anqi Gong; Sebastian Cammerer; Joseph M. Renes,2023-10-26,2023-11-06,quant-ph,quant-ph,relevant,0.55,,,decoder.name; decoder.algorithm_outline; decoder.complexity_claims; performance_claims.thresholds; performance_claims.runtime_scaling_claims; simulations; links.code_repo_urls,/home/runner/work/decoders-review/decoders-review/data/papers/2310.17758
2311.00877,v1,Addressing Stopping Failures for Small Set Flip Decoding of Hypergraph Product Codes,Lev Stambler; Anirudh Krishna; Michael E. Beverland,2023-11-01,2023-11-01,quant-ph,quant-ph,relevant,0.55,,,decoder.name; decoder.algorithm_outline; decoder.complexity_claims; performance_claims.thresholds; performance_claims.runtime_scaling_claims; simulations; links.code_repo_urls,/home/runner/work/decoders-review/decoders-review/data/papers/2311.00877
2310.07868,v1,Viderman's algorithm for quantum LDPC codes,Anirudh Krishna; Inbal Livni Navon; Mary Wootters,2023-10-11,2023-10-11,quant-ph,quant-ph,relevant,0.55,,,decoder.name; decoder.algorithm_outline; decoder.complexity_claims; performance_claims.thresholds; performance_claims.runtime_scaling_claims; simulations; links.code_repo_urls,/home/runner/work/decoders-review/decoders-review/data/papers/2310.07868
2308.13377,v1,Layered Decoding of Quantum LDPC Codes,Julien Du Crest; Francisco Garcia-Herrero; Mehdi Mhalla; Valentin Savin; Javier Valls,2023-08-25,2023-08-25,quant-ph,quant-ph,relevant,0.55,,,decoder.name; decoder.algorithm_outline; decoder.complexity_claims; performance_claims.thresholds; performance_claims.runtime_scaling_claims; simulations; links.code_repo_urls,/home/runner/work/decoders-review/decoders-review/data/papers/2308.13377
2307.09025,v1,qecGPT: decoding Quantum Error-correcting Codes with Generative Pre-trained Transformers,Hanyan Cao; Feng Pan; Yijia Wang; Pan Zhang,2023-07-18,2023-07-18,quant-ph,quant-ph; cond-mat.stat-mech; cs.LG; stat.ML,relevant,0.55,,,decoder.name; decoder.algorithm_outline; decoder.complexity_claims; performance_claims.thresholds; performance_claims.runtime_scaling_claims; simulations; links.code_repo_urls,/home/runner/work/decoders-review/decoders-review/data/papers/2307.09025
2206.03122,v2,Improved single-shot decoding of higher dimensional hypergraph product codes,Oscar Higgott; Nikolas P. Breuckmann,2022-06-07,2023-06-27,quant-ph,quant-ph,maybe,0.35,,,decoder.name; decoder.algorithm_outline; decoder.complexity_claims; performance_claims.thresholds; performance_claims.runtime_scaling_claims; simulations; links.code_repo_urls,/home/runner/work/decoders-review/decoders-review/data/papers/2206.03122
2212.03214,v2,Generalized Belief Propagation Algorithms for Decoding of Surface Codes,Josias Old; Manuel Rispler,2022-12-06,2023-06-06,quant-ph,quant-ph,maybe,0.35,,,decoder.name; decoder.algorithm_outline; decoder.complexity_claims; performance_claims.thresholds; performance_claims.runtime_scaling_claims; simulations; links.code_repo_urls,/home/runner/work/decoders-review/decoders-review/data/papers/2212.03214
2202.01702,v3,Bias-tailored quantum LDPC codes,Joschka Roffe; Lawrence Z. Cohen; Armanda O. Quintavalle; Daryus Chandra; Earl T. Campbell,2022-02-03,2023-05-05,quant-ph,quant-ph,maybe,0.35,,,decoder.name; decoder.algorithm_outline; decoder.complexity_claims; performance_claims.thresholds; performance_claims.runtime_scaling_claims; simulations; links.code_repo_urls,/home/runner/work/decoders-review/decoders-review/data/papers/2202.01702
2104.13659,v2,Exploiting Degeneracy in Belief Propagation Decoding of Quantum Codes,Kao-Yueh Kuo; Ching-Yi Lai,2021-04-28,2023-04-02,quant-ph,quant-ph; cs.IT,maybe,0.35,,,decoder.name; decoder.algorithm_outline; decoder.complexity_claims; performance_claims.thresholds; performance_claims.runtime_scaling_claims; simulations; links.code_repo_urls,/home/runner/work/decoders-review/decoders-review/data/papers/2104.13659
2212.10245,v2,Neural Belief Propagation Decoding of Quantum LDPC Codes Using Overcomplete Check Matrices,Sisi Miao; Alexander Schnerring; Haizheng Li; Laurent Schmalen,2022-12-20,2023-03-21,cs.IT,cs.IT; quant-ph,maybe,0.35,,,decoder.name; decoder.algorithm_outline; decoder.complexity_claims; performance_claims.thresholds; performance_claims.runtime_scaling_claims; simulations; links.code_repo_urls,/home/runner/work/decoders-review/decoders-review/data/papers/2212.10245
2205.06125,v3,Stabilizer Inactivation for Message-Passing Decoding of Quantum LDPC Codes,Julien du Crest; Mehdi Mhalla; Valentin Savin,2022-05-12,2023-03-14,quant-ph,quant-ph; cs.IT,relevant,0.55,,,decoder.name; decoder.algorithm_outline; decoder.complexity_claims; performance_claims.thresholds; performance_claims.runtime_scaling_claims; simulations; links.code_repo_urls,/home/runner/work/decoders-review/decoders-review/data/papers/2205.06125
2208.05537,v3,Decoding quantum Tanner codes,Anthony Leverrier; Gilles Zémor,2022-08-10,2022-12-08,quant-ph,quant-ph; cs.IT,maybe,0.35,,,decoder.name; decoder.algorithm_outline; decoder.complexity_claims; performance_claims.thresholds; performance_claims.runtime_scaling_claims; simulations; links.code_repo_urls,/home/runner/work/decoders-review/decoders-review/data/papers/2208.05537
2211.03625,v2,Homomorphic Logical Measurements,Shilin Huang; Tomas Jochym-O'Connor; Theodore J. Yoder,2022-11-07,2022-11-08,quant-ph,quant-ph,maybe,0.35,,,decoder.name; decoder.algorithm_outline; decoder.complexity_claims; performance_claims.thresholds; performance_claims.runtime_scaling_claims; simulations; links.code_repo_urls,/home/runner/work/decoders-review/decoders-review/data/papers/2211.03625
2206.07571,v2,Efficient decoding up to a constant fraction of the code length for asymptotically good quantum codes,Anthony Leverrier; Gilles Zémor,2022-06-15,2022-10-25,quant-ph,quant-ph; cs.CC; cs.IT,maybe,0.35,,,decoder.name; decoder.algorithm_outline; decoder.complexity_claims; performance_claims.thresholds; performance_claims.runtime_scaling_claims; simulations; links.code_repo_urls,/home/runner/work/decoders-review/decoders-review/data/papers/2206.07571
2210.10071,v1,All-photonic one-way quantum repeaters,Daoheng Niu; Yuxuan Zhang; Alireza Shabani; Hassan Shapourian,2022-10-18,2022-10-18,quant-ph,quant-ph,maybe,0.35,,,decoder.name; decoder.algorithm_outline; decoder.complexity_claims; performance_claims.thresholds; performance_claims.runtime_scaling_claims; simulations; links.code_repo_urls,/home/runner/work/decoders-review/decoders-review/data/papers/2210.10071
2209.01180,v1,Software Tools for Decoding Quantum Low-Density Parity Check Codes,Lucas Berent; Lukas Burgholzer; Robert Wille,2022-09-02,2022-09-02,quant-ph,quant-ph; cs.IT,maybe,0.35,,,decoder.name; decoder.algorithm_outline; decoder.complexity_claims; performance_claims.thresholds; performance_claims.runtime_scaling_claims; simulations; links.code_repo_urls,/home/runner/work/decoders-review/decoders-review/data/papers/2209.01180
2105.02370,v2,ReShape: a decoder for hypergraph product codes,Armanda O. Quintavalle; Earl T. Campbell,2021-05-05,2022-07-13,quant-ph,quant-ph,maybe,0.35,,,decoder.name; decoder.algorithm_outline; decoder.complexity_claims; performance_claims.thresholds; performance_claims.runtime_scaling_claims; simulations; links.code_repo_urls,/home/runner/work/decoders-review/decoders-review/data/papers/2105.02370
2111.07029,v2,Finite Rate QLDPC-GKP Coding Scheme that Surpasses the CSS Hamming Bound,Nithin Raveendran; Narayanan Rengaswamy; Filip Rozpędek; Ankur Raina; Liang Jiang; Bane Vasić,2021-11-13,2022-07-11,quant-ph,quant-ph; cs.IT,maybe,0.35,,,decoder.name; decoder.algorithm_outline; decoder.complexity_claims; performance_claims.thresholds; performance_claims.runtime_scaling_claims; simulations; links.code_repo_urls,/home/runner/work/decoders-review/decoders-review/data/papers/2111.07029
2206.07750,v1,Good Quantum LDPC Codes with Linear Time Decoders,Irit Dinur; Min-Hsiu Hsieh; Ting-Chun Lin; Thomas Vidick,2022-06-15,2022-06-15,quant-ph,quant-ph,maybe,0.35,,,decoder.name; decoder.algorithm_outline; decoder.complexity_claims; performance_claims.thresholds; performance_claims.runtime_scaling_claims; simulations; links.code_repo_urls,/home/runner/work/decoders-review/decoders-review/data/papers/2206.07750
2206.06557,v1,An efficient decoder for a linear distance quantum LDPC code,Shouzhen Gu; Christopher A. Pattison; Eugene Tang,2022-06-14,2022-06-14,quant-ph,quant-ph; cs.IT,maybe,0.35,,,decoder.name; decoder.algorithm_outline; decoder.complexity_claims; performance_claims.thresholds; performance_claims.runtime_scaling_claims; simulations; links.code_repo_urls,/home/runner/work/decoders-review/decoders-review/data/papers/2206.06557
2205.02341,v1,Soft Syndrome Decoding of Quantum LDPC Codes for Joint Correction of Data and Syndrome Errors,Nithin Raveendran; Narayanan Rengaswamy; Asit Kumar Pradhan; Bane Vasić,2022-05-04,2022-05-04,quant-ph,quant-ph; cs.IT,maybe,0.35,,,decoder.name; decoder.algorithm_outline; decoder.complexity_claims; performance_claims.thresholds; performance_claims.runtime_scaling_claims; simulations; links.code_repo_urls,/home/runner/work/decoders-review/decoders-review/data/papers/2205.02341
2203.03581,v1,Good quantum LDPC codes with linear time decoder from lossless expanders,Ting-Chun Lin; Min-Hsiu Hsieh,2022-03-07,2022-03-07,quant-ph,quant-ph,maybe,0.35,,,decoder.name; decoder.algorithm_outline; decoder.complexity_claims; performance_claims.thresholds; performance_claims.runtime_scaling_claims; simulations; links.code_repo_urls,/home/runner/work/decoders-review/decoders-review/data/papers/2203.03581
1904.02703,v3,Degenerate Quantum LDPC Codes With Good Finite Length Performance,Pavel Panteleev; Gleb Kalachev,2019-04-04,2021-11-12,quant-ph,quant-ph; cs.IT,relevant,0.55,,,decoder.name; decoder.algorithm_outline; decoder.complexity_claims; performance_claims.thresholds; performance_claims.runtime_scaling_claims; simulations; links.code_repo_urls,/home/runner/work/decoders-review/decoders-review/data/papers/1904.02703
2104.00304,v3,Log-domain decoding of quantum LDPC codes over binary finite fields,Ching-Yi Lai; Kao-Yueh Kuo,2021-04-01,2021-10-26,cs.IT,cs.IT; quant-ph,maybe,0.35,,,decoder.name; decoder.algorithm_outline; decoder.complexity_claims; performance_claims.thresholds; performance_claims.runtime_scaling_claims; simulations; links.code_repo_urls,/home/runner/work/decoders-review/decoders-review/data/papers/2104.00304
2012.15297,v2,Trapping Sets of Quantum LDPC Codes,Nithin Raveendran; Bane Vasić,2020-12-30,2021-10-07,cs.IT,cs.IT; quant-ph,maybe,0.35,,,decoder.name; decoder.algorithm_outline; decoder.complexity_claims; performance_claims.thresholds; performance_claims.runtime_scaling_claims; simulations; links.code_repo_urls,/home/runner/work/decoders-review/decoders-review/data/papers/2012.15297
2004.11199,v2,Combining hard and soft decoders for hypergraph product codes,Antoine Grospellier; Lucien Grouès; Anirudh Krishna; Anthony Leverrier,2020-04-23,2021-04-08,quant-ph,quant-ph; cs.IT,maybe,0.35,,,decoder.name; decoder.algorithm_outline; decoder.complexity_claims; performance_claims.thresholds; performance_claims.runtime_scaling_claims; simulations; links.code_repo_urls,/home/runner/work/decoders-review/decoders-review/data/papers/2004.11199
2103.08049,v1,Toward a Union-Find decoder for quantum LDPC codes,Nicolas Delfosse; Vivien Londe; Michael Beverland,2021-03-14,2021-03-14,quant-ph,quant-ph; cs.IT,relevant,0.55,,,decoder.name; decoder.algorithm_outline; decoder.complexity_claims; performance_claims.thresholds; performance_claims.runtime_scaling_claims; simulations; links.code_repo_urls,/home/runner/work/decoders-review/decoders-review/data/papers/2103.08049
2102.01984,v1,Decoding of Quantum Data-Syndrome Codes via Belief Propagation,Kao-Yueh Kuo; I-Chun Chern; Ching-Yi Lai,2021-02-03,2021-02-03,quant-ph,quant-ph; cs.IT,maybe,0.35,,,decoder.name; decoder.algorithm_outline; decoder.complexity_claims; performance_claims.thresholds; performance_claims.runtime_scaling_claims; simulations; links.code_repo_urls,/home/runner/work/decoders-review/decoders-review/data/papers/2102.01984
2004.07247,v2,Cellular automaton decoders for topological quantum codes with noisy measurements and beyond,Michael Vasmer; Dan E. Browne; Aleksander Kubica,2020-04-15,2021-01-25,quant-ph,quant-ph,maybe,0.35,,,decoder.name; decoder.algorithm_outline; decoder.complexity_claims; performance_claims.thresholds; performance_claims.runtime_scaling_claims; simulations; links.code_repo_urls,/home/runner/work/decoders-review/decoders-review/data/papers/2004.07247
2005.07016,v2,Decoding Across the Quantum LDPC Code Landscape,Joschka Roffe; David R. White; Simon Burton; Earl T. Campbell,2020-05-14,2020-12-29,quant-ph,quant-ph,maybe,0.35,,,decoder.name; decoder.algorithm_outline; decoder.complexity_claims; performance_claims.thresholds; performance_claims.runtime_scaling_claims; simulations; links.code_repo_urls,/home/runner/work/decoders-review/decoders-review/data/papers/2005.07016
2004.07935,v1,Decodable quantum LDPC codes beyond the $\sqrt{n}$ distance barrier using high dimensional expanders,Shai Evra; Tali Kaufman; Gilles Zémor,2020-04-16,2020-04-16,quant-ph,quant-ph; cs.IT; math.CO,relevant,0.55,,,decoder.name; decoder.algorithm_outline; decoder.complexity_claims; performance_claims.thresholds; performance_claims.runtime_scaling_claims; simulations; links.code_repo_urls,/home/runner/work/decoders-review/decoders-review/data/papers/2004.07935
1712.08578,v2,Golden codes: quantum LDPC codes built from regular tessellations of hyperbolic 4-manifolds,Vivien Londe; Anthony Leverrier,2017-12-22,2019-06-18,quant-ph,quant-ph; cs.IT,relevant,0.55,,,decoder.name; decoder.algorithm_outline; decoder.complexity_claims; performance_claims.thresholds; performance_claims.runtime_scaling_claims; simulations; links.code_repo_urls,/home/runner/work/decoders-review/decoders-review/data/papers/1712.08578
1903.07404,v2,Modified belief propagation decoders for quantum low-density parity-check codes,Alex Rigby; JC Olivier; Peter Jarvis,2019-03-18,2019-05-22,quant-ph,quant-ph,maybe,0.35,,,decoder.name; decoder.algorithm_outline; decoder.complexity_claims; performance_claims.thresholds; performance_claims.runtime_scaling_claims; simulations; links.code_repo_urls,/home/runner/work/decoders-review/decoders-review/data/papers/1903.07404
1901.06319,v3,Optimal quantum subsystem codes in 2-dimensions,Theodore J. Yoder,2019-01-18,2019-05-22,quant-ph,quant-ph,maybe,0.35,,,decoder.name; decoder.algorithm_outline; decoder.complexity_claims; performance_claims.thresholds; performance_claims.runtime_scaling_claims; simulations; links.code_repo_urls,/home/runner/work/decoders-review/decoders-review/data/papers/1901.06319
1811.07835,v2,Neural Belief-Propagation Decoders for Quantum Error-Correcting Codes,Ye-Hua Liu; David Poulin,2018-11-19,2019-05-07,quant-ph,quant-ph; cond-mat.stat-mech,relevant,0.55,,,decoder.name; decoder.algorithm_outline; decoder.complexity_claims; performance_claims.thresholds; performance_claims.runtime_scaling_claims; simulations; links.code_repo_urls,/home/runner/work/decoders-review/decoders-review/data/papers/1811.07835
1810.03681,v2,Numerical study of hypergraph product codes,Antoine Grospellier; Anirudh Krishna,2018-10-08,2019-05-02,quant-ph,quant-ph,relevant,0.55,,,decoder.name; decoder.algorithm_outline; decoder.complexity_claims; performance_claims.thresholds; performance_claims.runtime_scaling_claims; simulations; links.code_repo_urls,/home/runner/work/decoders-review/decoders-review/data/papers/1810.03681
1804.01950,v2,Numerical and analytical bounds on threshold error rates for hypergraph-product codes,Alexey A. Kovalev; Sanjay Prabhakar; Ilya Dumer; Leonid P. Pryadko,2018-04-05,2018-06-13,quant-ph,quant-ph; cs.IT,relevant,0.55,,,decoder.name; decoder.algorithm_outline; decoder.complexity_claims; performance_claims.thresholds; performance_claims.runtime_scaling_claims; simulations; links.code_repo_urls,/home/runner/work/decoders-review/decoders-review/data/papers/1804.01950
1711.08351,v2,Efficient decoding of random errors for quantum expander codes,Omar Fawzi; Antoine Grospellier; Anthony Leverrier,2017-11-22,2018-03-25,quant-ph,quant-ph; cs.IT,relevant,0.55,,,decoder.name; decoder.algorithm_outline; decoder.complexity_claims; performance_claims.thresholds; performance_claims.runtime_scaling_claims; simulations; links.code_repo_urls,/home/runner/work/decoders-review/decoders-review/data/papers/1711.08351
1204.4223,v2,Improved Quantum LDPC Decoding Strategies For The Misidentified Quantum Depolarizing Channel,Yixuan Xie; Jun Li; Robert Malaney; Jinhong Yuan,2012-04-18,2015-05-13,cs.IT,cs.IT; quant-ph,relevant,0.55,,,decoder.name; decoder.algorithm_outline; decoder.complexity_claims; performance_claims.thresholds; performance_claims.runtime_scaling_claims; simulations; links.code_repo_urls,/home/runner/work/decoders-review/decoders-review/data/papers/1204.4223
1504.00822,v1,Quantum Expander Codes,Anthony Leverrier; Jean-Pierre Tillich; Gilles Zémor,2015-04-03,2015-04-03,quant-ph,quant-ph; cs.IT,maybe,0.35,,,decoder.name; decoder.algorithm_outline; decoder.complexity_claims; performance_claims.thresholds; performance_claims.runtime_scaling_claims; simulations; links.code_repo_urls,/home/runner/work/decoders-review/decoders-review/data/papers/1504.00822
1311.7688,v2,Spin glass reflection of the decoding transition for quantum error correcting codes,Alexey A. Kovalev; Leonid P. Pryadko,2013-11-29,2014-02-10,quant-ph,quant-ph; cond-mat.stat-mech,relevant,0.55,,,decoder.name; decoder.algorithm_outline; decoder.complexity_claims; performance_claims.thresholds; performance_claims.runtime_scaling_claims; simulations; links.code_repo_urls,/home/runner/work/decoders-review/decoders-review/data/papers/1311.7688
1108.0679,v4,A characterization of entanglement-assisted quantum low-density parity-check codes,Yuichiro Fujiwara; Vladimir D. Tonchev,2011-08-02,2012-10-07,cs.IT,cs.IT; math.CO; quant-ph,relevant,0.55,,,decoder.name; decoder.algorithm_outline; decoder.complexity_claims; performance_claims.thresholds; performance_claims.runtime_scaling_claims; simulations; links.code_repo_urls,/home/runner/work/decoders-review/decoders-review/data/papers/1108.0679
1207.0732,v1,Quantum LDPC Codes Constructed from Point-Line Subsets of the Finite Projective Plane,Jacob Farinholt,2012-07-03,2012-07-03,quant-ph,quant-ph,relevant,0.55,,,decoder.name; decoder.algorithm_outline; decoder.complexity_claims; performance_claims.thresholds; performance_claims.runtime_scaling_claims; simulations; links.code_repo_urls,/home/runner/work/decoders-review/decoders-review/data/papers/1207.0732
1202.3338,v1,New constructions of CSS codes obtained by moving to higher alphabets,Iryna Andriyanova; Denise Maurice; Jean-Pierre Tillich,2012-02-15,2012-02-15,quant-ph,quant-ph; cs.IT,relevant,0.55,,,decoder.name; decoder.algorithm_outline; decoder.complexity_claims; performance_claims.thresholds; performance_claims.runtime_scaling_claims; simulations; links.code_repo_urls,/home/runner/work/decoders-review/decoders-review/data/papers/1202.3338
1202.0357,v1,Channel Identification and its Impact on Quantum LDPC Code Performance,Yixuan Xie; Jun Li; Robert Malaney; Jinhong Yuan,2012-02-02,2012-02-02,cs.IT,cs.IT; quant-ph,relevant,0.55,,,decoder.name; decoder.algorithm_outline; decoder.complexity_claims; performance_claims.thresholds; performance_claims.runtime_scaling_claims; simulations; links.code_repo_urls,/home/runner/work/decoders-review/decoders-review/data/papers/1202.0357
1008.4747,v4,Entanglement-assisted quantum low-density parity-check codes,Yuichiro Fujiwara; David Clark; Peter Vandendriessche; Maarten De Boeck; Vladimir D. Tonchev,2010-08-27,2010-11-01,cs.IT,cs.IT; math.CO; quant-ph,relevant,0.55,,,decoder.name; decoder.algorithm_outline; decoder.complexity_claims; performance_claims.thresholds; performance_claims.runtime_scaling_claims; simulations; links.code_repo_urls,/home/runner/work/decoders-review/decoders-review/data/papers/1008.4747
0712.4115,v3,A Class of Quantum LDPC Codes Constructed From Finite Geometries,Salah A. Aly,2007-12-26,2009-11-11,quant-ph,quant-ph; cs.IT,relevant,0.55,,,decoder.name; decoder.algorithm_outline; decoder.complexity_claims; performance_claims.thresholds; performance_claims.runtime_scaling_claims; simulations; links.code_repo_urls,/home/runner/work/decoders-review/decoders-review/data/papers/0712.4115
0712.2888,v2,Quantum serial turbo-codes,David Poulin; Jean-Pierre Tillich; Harold Ollivier,2007-12-18,2009-06-10,quant-ph,quant-ph,relevant,0.55,,,decoder.name; decoder.algorithm_outline; decoder.complexity_claims; performance_claims.thresholds; performance_claims.runtime_scaling_claims; simulations; links.code_repo_urls,/home/runner/work/decoders-review/decoders-review/data/papers/0712.2888
